[
    {
        "s_id" : 101,
        "s_name" : "Heeriye",
        "s_url" : "https://paglasongs.com/files/download/id/14824",
        "s_singer" : "Arijit Singh, Jasleen Royal",
        "s_movie" : "Pop Songs (2023)",
        "s_img" : "https://static.toiimg.com/thumb/msid-102034752,width-1280,resizemode-4/102034752.jpg"
    },
    {
        "s_id" : 102,
        "s_name" : "Faded",
        "s_url" : "https://paglasongs.com/files/download/id/1716",
        "s_singer" : "Alan Walker",
        "s_movie" : "English Songs (2020)",
        "s_img" : "https://e0.pxfuel.com/wallpapers/87/832/desktop-wallpaper-alan-walker-alan-walker-allen-walker-walker-alan-walker-sign.jpg"
    },
    {
        "s_id" : 103,
        "s_name" : "Ram Aayenge to Angana Sajaungi",
        "s_url" : "https://paglasongs.com/files/download/id/16434",
        "s_singer" : "Swati Mishra",
        "s_movie" : "Bhakti Songs (2023)",
        "s_img" : "https://images.hungama.com/c/1/bbb/d7d/106234066/106234066_300x300.jpg"
    },
    {
        "s_id" : 104,
        "s_name" : "Janam Janam",
        "s_url" : "https://paglasongs.com/files/download/id/12523",
        "s_singer" : "Arijit Singh, Antara Mitra",
        "s_movie" : "Dilwale",
        "s_img" : "https://st1.bollywoodlife.com/wp-content/uploads/photos/dilwale-new-poster-from-janam-janam-song-out-201512-635469.jpg"
    },
    {
        "s_id" : 105,
        "s_name" : "Heeriye",
        "s_url" : "https://paglasongs.com/files/download/id/14824",
        "s_singer" : "Arijit Singh, Jasleen Royal",
        "s_movie" : "Pop Songs (2023)",
        "s_img" : "https://static.toiimg.com/thumb/msid-102034752,width-1280,resizemode-4/102034752.jpg"
    },
    {
        "s_id" : 106,
        "s_name" : "Faded",
        "s_url" : "https://paglasongs.com/files/download/id/1716",
        "s_singer" : "Alan Walker",
        "s_movie" : "English Songs (2020)",
        "s_img" : "https://e0.pxfuel.com/wallpapers/87/832/desktop-wallpaper-alan-walker-alan-walker-allen-walker-walker-alan-walker-sign.jpg"
    },
    {
        "s_id" : 107,
        "s_name" : "Ram Aayenge to Angana Sajaungi",
        "s_url" : "https://paglasongs.com/files/download/id/16434",
        "s_singer" : "Swati Mishra",
        "s_movie" : "Bhakti Songs (2023)",
        "s_img" : "https://images.hungama.com/c/1/bbb/d7d/106234066/106234066_300x300.jpg"
    },
    {
        "s_id" : 108,
        "s_name" : "Heeriye",
        "s_url" : "https://paglasongs.com/files/download/id/14824",
        "s_singer" : "Arijit Singh, Jasleen Royal",
        "s_movie" : "Pop Songs (2023)",
        "s_img" : "https://static.toiimg.com/thumb/msid-102034752,width-1280,resizemode-4/102034752.jpg"
    },
    {
        "s_id" : 109,
        "s_name" : "Faded",
        "s_url" : "https://paglasongs.com/files/download/id/1716",
        "s_singer" : "Alan Walker",
        "s_movie" : "English Songs (2020)",
        "s_img" : "https://e0.pxfuel.com/wallpapers/87/832/desktop-wallpaper-alan-walker-alan-walker-allen-walker-walker-alan-walker-sign.jpg"
    },
    {
        "s_id" : 110,
        "s_name" : "Ram Aayenge to Angana Sajaungi",
        "s_url" : "https://paglasongs.com/files/download/id/16434",
        "s_singer" : "Swati Mishra",
        "s_movie" : "Bhakti Songs (2023)",
        "s_img" : "https://images.hungama.com/c/1/bbb/d7d/106234066/106234066_300x300.jpg"
    },
    {
        "s_id" : 111,
        "s_name" : "Janam Janam",
        "s_url" : "https://paglasongs.com/files/download/id/12523",
        "s_singer" : "Arijit Singh, Antara Mitra",
        "s_movie" : "Dilwale",
        "s_img" : "https://st1.bollywoodlife.com/wp-content/uploads/photos/dilwale-new-poster-from-janam-janam-song-out-201512-635469.jpg"
    },
    {
        "s_id" : 112,
        "s_name" : "Heeriye",
        "s_url" : "https://paglasongs.com/files/download/id/14824",
        "s_singer" : "Arijit Singh, Jasleen Royal",
        "s_movie" : "Pop Songs (2023)",
        "s_img" : "https://static.toiimg.com/thumb/msid-102034752,width-1280,resizemode-4/102034752.jpg"
    },
    {
        "s_id" : 113,
        "s_name" : "Faded",
        "s_url" : "https://paglasongs.com/files/download/id/1716",
        "s_singer" : "Alan Walker",
        "s_movie" : "English Songs (2020)",
        "s_img" : "https://e0.pxfuel.com/wallpapers/87/832/desktop-wallpaper-alan-walker-alan-walker-allen-walker-walker-alan-walker-sign.jpg"
    },
    {
        "s_id" : 114,
        "s_name" : "Ram Aayenge to Angana Sajaungi",
        "s_url" : "https://paglasongs.com/files/download/id/16434",
        "s_singer" : "Swati Mishra",
        "s_movie" : "Bhakti Songs (2023)",
        "s_img" : "https://images.hungama.com/c/1/bbb/d7d/106234066/106234066_300x300.jpg"
    }
]